geri_bildirim_id,arac_id,tarih,kanal,metin
9001,500339,2025-01-26,Çağrı Merkezi,Mükemmel değildi ama beklentimin altında da kalmadı.
9002,500075,2023-11-22,Google Yorum,"Servis temizdi ve ekip güler yüzlüydü, yalnızca yedek parça beklemesi can sıkıcıydı."
9003,502791,2023-06-25,Anket,
9004,500867,2023-07-05,Google Yorum,"Randevu saatinde gittim ama iki saat bekledim, kimse bilgi vermedi."
9005,500154,2023-11-02,Google Yorum,Yedek araç verilmesi büyük kolaylık oldu.
9006,500749,2025-01-12,E-posta,"Telefonla kimseye ulaşamıyorum, çağrı merkezi sürekli meşgul."
9007,504027,2024-12-25,Anket,"Randevu saatinde gittim ama iki saat bekledim, kimse bilgi vermedi."
9008,500923,2024-01-15,Anket,Fena değildi.
9009,501987,2025-01-25,Anket,Bir yıldız bile fazla.
9010,501463,2024-12-28,Çağrı Merkezi,"Arıza çözüldü ancak randevu sistemi çok karışık, üç kez aramak zorunda kaldım."
9011,502278,2023-08-16,Çağrı Merkezi,İyi.
9012,504046,2025-03-03,Anket,"Randevu almak kolaydı, işlem hızlı bitti. Memnun kaldım."
9013,501866,2024-03-14,Çağrı Merkezi,"Aracımın içinde yağ lekesi bıraktılar, koltuk kirlenmişti."
9014,503893,2023-07-18,E-posta,Teşekkürler
9015,503233,2024-05-05,Google Yorum,"Servis ekibi çok ilgiliydi, aracım söz verilen saatte hazırdı. Teşekkürler."
9016,502964,2024-03-01,Google Yorum,"Arıza giderilmemiş, aynı ses devam ediyor. Tekrar gitmek zorunda kaldım."
9017,501428,2023-07-27,Anket,Teşekkürler
9018,501014,2023-12-26,E-posta,"Danışman ilgisizdi, sorduğum soruya doğru düzgün cevap vermedi."
9019,500076,2023-04-10,Anket,"Arıza giderilmemiş, aynı ses devam ediyor. Tekrar gitmek zorunda kaldım."
9020,504098,2025-05-20,Google Yorum,"Aracımın içinde yağ lekesi bıraktılar, koltuk kirlenmişti."
9021,502707,2023-10-09,Anket,"Personel çok nazikti, sadece süre biraz uzun sürdü."
9022,502461,2025-01-25,Google Yorum,?
9023,500012,2025-05-20,Anket,"Servis temizdi ve ekip güler yüzlüydü, yalnızca yedek parça beklemesi can sıkıcıydı."
9024,500845,2023-05-02,E-posta,"Servis iyi de otopark yok, aracı sokağa bırakmak zorunda kaldım."
9025,502851,2024-07-21,Anket,"Danışman bey her adımı tek tek anlattı, fiyat konusunda da şeffaftı."
9026,502422,2023-05-07,E-posta,"Danışman ilgisizdi, sorduğum soruya doğru düzgün cevap vermedi."
9027,500488,2024-02-27,Çağrı Merkezi,"Hiç de memnun kalmadım denemez, işlerini biliyorlar."
9028,503556,2023-08-27,Çağrı Merkezi,Teşekkürler
9029,500390,2023-12-28,Anket,Sorun yok.
9030,503963,2024-06-24,Çağrı Merkezi,"Randevu saatinde gittim ama iki saat bekledim, kimse bilgi vermedi."
9031,500345,2023-02-01,Anket,?
9032,503286,2024-06-12,Google Yorum,"Arıza çözüldü ancak randevu sistemi çok karışık, üç kez aramak zorunda kaldım."
9033,504633,2023-12-01,Anket,"Arıza giderilmemiş, aynı ses devam ediyor. Tekrar gitmek zorunda kaldım."
9034,504722,2024-07-19,Anket,"Telefonla kimseye ulaşamıyorum, çağrı merkezi sürekli meşgul."
9035,504526,2023-07-14,Anket,"İkinci kez geliyorum, yine sorunsuz. Ekibe teşekkürler."
9036,500328,2024-12-10,Anket,"Telefonla kimseye ulaşamıyorum, çağrı merkezi sürekli meşgul."
9037,503976,2024-03-08,Anket,Bir yıldız bile fazla.
9038,503708,2024-08-19,Çağrı Merkezi,Mükemmel değildi ama beklentimin altında da kalmadı.
9039,502311,2023-09-10,Google Yorum,"İkinci kez geliyorum, yine sorunsuz. Ekibe teşekkürler."
9040,501268,2023-02-02,Anket,Kampanya mesajı geldi ama şubede geçerli değilmiş.
9041,500500,2025-05-20,Anket,"Yedek parça iki hafta bekledi, bu süre boyunca aracım serviste kaldı."
9042,503536,2024-05-28,Çağrı Merkezi,"Beklediğimden erken bitti, aradılar haber verdiler."
9043,500855,2023-12-08,Google Yorum,Bir yıldız bile fazla.
9044,500468,2023-02-17,Anket,Sorun yok.
9045,501905,2023-05-27,Google Yorum,"Rakip markanın servisinde aynı işlem daha ucuzdu, orayı tercih edeceğim."
9046,502552,2025-01-20,E-posta,"Servis temizdi ve ekip güler yüzlüydü, yalnızca yedek parça beklemesi can sıkıcıydı."
9047,500366,2024-12-10,Anket,"Personel çok nazikti, sadece süre biraz uzun sürdü."
9048,503902,2025-03-04,E-posta,Yedek araç verilmesi büyük kolaylık oldu.
9049,500191,2024-03-18,Google Yorum,"Danışman ilgisizdi, sorduğum soruya doğru düzgün cevap vermedi."
9050,502783,2025-01-28,Google Yorum,Sorun yok.
9051,501798,2024-01-25,Çağrı Merkezi,Yedek araç verilmesi büyük kolaylık oldu.
9052,502646,2023-12-07,Anket,"Fatura tutarı verilen tekliften yüksek çıktı, önceden bilgilendirilmedim."
9053,501242,2025-02-05,Anket,"Danışman ilgisizdi, sorduğum soruya doğru düzgün cevap vermedi."
9054,500245,2024-08-14,Çağrı Merkezi,?
9055,503940,2024-12-30,Çağrı Merkezi,"İkinci kez geliyorum, yine sorunsuz. Ekibe teşekkürler."
9056,501106,2024-01-05,Anket,"Aracımın içinde yağ lekesi bıraktılar, koltuk kirlenmişti."
9057,503741,2023-05-01,Çağrı Merkezi,"Beklediğimden erken bitti, aradılar haber verdiler."
9058,504412,2023-07-06,Anket,"Personel çok nazikti, sadece süre biraz uzun sürdü."
9059,502702,2025-02-15,E-posta,Teşekkürler
9060,503888,2024-02-16,E-posta,"Arıza giderilmemiş, aynı ses devam ediyor. Tekrar gitmek zorunda kaldım."
9061,501414,2024-08-01,Google Yorum,"Arıza giderilmemiş, aynı ses devam ediyor. Tekrar gitmek zorunda kaldım."
9062,503388,2023-12-28,Çağrı Merkezi,"Yedek parça iki hafta bekledi, bu süre boyunca aracım serviste kaldı."
9063,501562,2023-05-06,Anket,Mükemmel değildi ama beklentimin altında da kalmadı.
9064,503522,2024-10-16,Çağrı Merkezi,"İkinci kez geliyorum, yine sorunsuz. Ekibe teşekkürler."
9065,503729,2024-10-03,Çağrı Merkezi,
9066,501051,2023-03-01,Anket,"Aracımla ilgili değil ama web sitenizden randevu alınmıyor, sürekli hata veriyor."
9067,501334,2024-08-30,Anket,Yedek araç verilmesi büyük kolaylık oldu.
9068,502288,2024-01-31,Anket,"Yedek parça iki hafta bekledi, bu süre boyunca aracım serviste kaldı."
9069,502020,2024-05-06,Google Yorum,"Ödeme sırasında POS çalışmadı, nakit aramak zorunda kaldım."
9070,503130,2025-01-25,Anket,"Yedek parça iki hafta bekledi, bu süre boyunca aracım serviste kaldı."
9071,504147,2024-10-22,Anket,"Harika bir deneyimdi, sadece üç hafta bekledim."
9072,502040,2024-01-19,Anket,"Servis temizdi ve ekip güler yüzlüydü, yalnızca yedek parça beklemesi can sıkıcıydı."
9073,503876,2025-06-07,Anket,Sorun yok.
9074,500789,2023-02-01,E-posta,"Fiyat çok yüksek geldi, aynı işi özel serviste yarı fiyata yaptırabilirdim."
9075,501189,2025-03-29,Anket,"Rakip markanın servisinde aynı işlem daha ucuzdu, orayı tercih edeceğim."
9076,503005,2024-04-17,Google Yorum,"Danışman bey her adımı tek tek anlattı, fiyat konusunda da şeffaftı."
9077,501004,2025-03-26,E-posta,Fena değildi.
9078,500191,2023-10-15,E-posta,"Fatura tutarı verilen tekliften yüksek çıktı, önceden bilgilendirilmedim."
9079,500773,2025-06-25,E-posta,"Randevu saatinde gittim ama iki saat bekledim, kimse bilgi vermedi."
9080,501116,2024-11-14,Anket,"Aracı teslim alırken içi temizlenmişti, güzel bir detay."
9081,502542,2025-01-25,Anket,Fena değildi.
9082,501529,2024-09-13,Anket,"Danışman bey her adımı tek tek anlattı, fiyat konusunda da şeffaftı."
9083,503412,2024-06-25,Anket,Kötü diyemem ama bir daha gelir miyim bilmiyorum.
9084,501452,2024-02-07,E-posta,Yedek araç verilmesi büyük kolaylık oldu.
9085,500516,2024-05-26,E-posta,Kampanya mesajı geldi ama şubede geçerli değilmiş.
9086,504625,2023-10-19,Anket,"Telefonla kimseye ulaşamıyorum, çağrı merkezi sürekli meşgul."
9087,503870,2024-10-08,Anket,"Yedek parça iki hafta bekledi, bu süre boyunca aracım serviste kaldı."
9088,504234,2024-12-28,Anket,"Danışman ilgisizdi, sorduğum soruya doğru düzgün cevap vermedi."
9089,500497,2024-11-29,Anket,"İkinci kez geliyorum, yine sorunsuz. Ekibe teşekkürler."
9090,503523,2024-01-26,Google Yorum,"Servis temizdi ve ekip güler yüzlüydü, yalnızca yedek parça beklemesi can sıkıcıydı."
9091,502515,2024-10-19,E-posta,"Servis temizdi ve ekip güler yüzlüydü, yalnızca yedek parça beklemesi can sıkıcıydı."
9092,504554,2024-08-04,E-posta,Teşekkürler
9093,503563,2024-10-30,Anket,"Harika bir deneyimdi, sadece üç hafta bekledim."
9094,500413,2023-12-29,Çağrı Merkezi,
9095,502329,2024-03-14,Google Yorum,"Danışman bey her adımı tek tek anlattı, fiyat konusunda da şeffaftı."
9096,500503,2024-11-06,Anket,"Fatura tutarı verilen tekliften yüksek çıktı, önceden bilgilendirilmedim."
9097,503562,2023-01-30,Google Yorum,"Randevu almak kolaydı, işlem hızlı bitti. Memnun kaldım."
9098,504201,2023-03-04,Anket,"Aracı teslim alırken içi temizlenmişti, güzel bir detay."
9099,501386,2023-06-22,Anket,"Arıza giderilmemiş, aynı ses devam ediyor. Tekrar gitmek zorunda kaldım."
9100,503548,2024-12-30,Anket,"Arıza giderilmemiş, aynı ses devam ediyor. Tekrar gitmek zorunda kaldım."
9101,504144,2023-12-27,Çağrı Merkezi,"Servis temizdi ve ekip güler yüzlüydü, yalnızca yedek parça beklemesi can sıkıcıydı."
9102,502672,2023-06-27,Anket,"Harika bir deneyimdi, sadece üç hafta bekledim."
9103,500561,2023-01-15,Anket,"Yedek parça iki hafta bekledi, bu süre boyunca aracım serviste kaldı."
9104,500452,2024-06-01,E-posta,"Fiyat çok yüksek geldi, aynı işi özel serviste yarı fiyata yaptırabilirdim."
9105,502181,2024-12-05,Çağrı Merkezi,İşçilik kalitesi iyiydi ama fiyatlandırma gerçekten pahalı.
9106,502418,2023-09-28,Anket,Yedek araç verilmesi büyük kolaylık oldu.
9107,501614,2023-12-18,Anket,Kampanya mesajı geldi ama şubede geçerli değilmiş.
9108,501463,2024-02-02,Google Yorum,"Hiç de memnun kalmadım denemez, işlerini biliyorlar."
9109,502080,2024-09-14,Google Yorum,"Randevu saatinde gittim ama iki saat bekledim, kimse bilgi vermedi."
9110,502225,2024-05-26,Anket,"Danışman ilgisizdi, sorduğum soruya doğru düzgün cevap vermedi."
9111,501745,2024-01-05,Çağrı Merkezi,"Ödeme sırasında POS çalışmadı, nakit aramak zorunda kaldım."
9112,503688,2024-02-05,Anket,"Telefonla kimseye ulaşamıyorum, çağrı merkezi sürekli meşgul."
9113,504186,2025-03-18,E-posta,"Randevu almak kolaydı, işlem hızlı bitti. Memnun kaldım."
9114,501767,2024-09-23,Anket,"İkinci kez geliyorum, yine sorunsuz. Ekibe teşekkürler."
9115,502171,2024-11-26,Çağrı Merkezi,"Aracımın içinde yağ lekesi bıraktılar, koltuk kirlenmişti."
9116,501326,2023-02-28,Çağrı Merkezi,"Randevu almak kolaydı, işlem hızlı bitti. Memnun kaldım."
9117,503007,2023-02-12,Anket,"İkinci kez geliyorum, yine sorunsuz. Ekibe teşekkürler."
9118,502016,2023-08-28,Çağrı Merkezi,Teşekkürler
9119,503891,2023-10-27,E-posta,"Danışman ilgisizdi, sorduğum soruya doğru düzgün cevap vermedi."
9120,502569,2023-02-13,Anket,"Servis temizdi ve ekip güler yüzlüydü, yalnızca yedek parça beklemesi can sıkıcıydı."
9121,502919,2023-01-29,Anket,Mükemmel değildi ama beklentimin altında da kalmadı.
9122,500534,2024-05-02,Anket,"Rakip markanın servisinde aynı işlem daha ucuzdu, orayı tercih edeceğim."
9123,504482,2023-12-10,E-posta,"Danışman bey her adımı tek tek anlattı, fiyat konusunda da şeffaftı."
9124,503007,2025-05-22,Çağrı Merkezi,"Rakip markanın servisinde aynı işlem daha ucuzdu, orayı tercih edeceğim."
9125,503878,2023-10-23,Anket,"Yedek parça iki hafta bekledi, bu süre boyunca aracım serviste kaldı."
9126,501888,2024-09-30,Anket,"İkinci kez geliyorum, yine sorunsuz. Ekibe teşekkürler."
9127,502528,2024-10-09,Google Yorum,"Randevu saatinde gittim ama iki saat bekledim, kimse bilgi vermedi."
9128,504713,2023-09-25,Anket,"Randevu saatinde gittim ama iki saat bekledim, kimse bilgi vermedi."
9129,503246,2023-07-19,Anket,Sorun yok.
9130,504271,2024-08-15,E-posta,"Randevu saatinde gittim ama iki saat bekledim, kimse bilgi vermedi."
9131,500501,2023-01-18,Google Yorum,"Rakip markanın servisinde aynı işlem daha ucuzdu, orayı tercih edeceğim."
9132,501862,2025-03-15,Çağrı Merkezi,"Personel çok nazikti, sadece süre biraz uzun sürdü."
9133,502349,2025-02-05,Anket,"Arıza giderilmemiş, aynı ses devam ediyor. Tekrar gitmek zorunda kaldım."
9134,501959,2023-02-11,Anket,"Danışman ilgisizdi, sorduğum soruya doğru düzgün cevap vermedi."
9135,502925,2024-10-25,Anket,"Randevu almak kolaydı, işlem hızlı bitti. Memnun kaldım."
9136,502743,2023-12-23,Google Yorum,"Servis temizdi ve ekip güler yüzlüydü, yalnızca yedek parça beklemesi can sıkıcıydı."
9137,503836,2024-12-18,Anket,"Danışman ilgisizdi, sorduğum soruya doğru düzgün cevap vermedi."
9138,503282,2024-10-26,Çağrı Merkezi,"Beklediğimden erken bitti, aradılar haber verdiler."
9139,501121,2024-08-19,E-posta,"İkinci kez geliyorum, yine sorunsuz. Ekibe teşekkürler."
9140,502377,2025-02-23,Anket,"Danışman ilgisizdi, sorduğum soruya doğru düzgün cevap vermedi."
9141,501683,2023-12-16,Anket,"Aracı teslim alırken içi temizlenmişti, güzel bir detay."
9142,502676,2023-01-29,Google Yorum,"Randevu saatinde gittim ama iki saat bekledim, kimse bilgi vermedi."
9143,501307,2024-07-14,Çağrı Merkezi,"İkinci kez geliyorum, yine sorunsuz. Ekibe teşekkürler."
9144,503604,2025-04-21,Anket,"Yedek parça iki hafta bekledi, bu süre boyunca aracım serviste kaldı."
9145,504074,2024-09-14,Anket,"Aracımla ilgili değil ama web sitenizden randevu alınmıyor, sürekli hata veriyor."
9146,502993,2023-08-04,Anket,"Danışman bey her adımı tek tek anlattı, fiyat konusunda da şeffaftı."
9147,503730,2024-01-13,Anket,"Servis iyi de otopark yok, aracı sokağa bırakmak zorunda kaldım."
9148,501097,2024-08-24,Anket,"Servis temizdi ve ekip güler yüzlüydü, yalnızca yedek parça beklemesi can sıkıcıydı."
9149,503263,2025-01-20,Anket,İşçilik kalitesi iyiydi ama fiyatlandırma gerçekten pahalı.
9150,503169,2025-01-26,Anket,
9151,501253,2023-02-24,Google Yorum,İşçilik kalitesi iyiydi ama fiyatlandırma gerçekten pahalı.
9152,504509,2025-02-21,E-posta,Bir yıldız bile fazla.
9153,502576,2023-05-25,Çağrı Merkezi,"Rakip markanın servisinde aynı işlem daha ucuzdu, orayı tercih edeceğim."
9154,503361,2025-01-27,Anket,Sorun yok.
9155,502190,2024-03-15,Çağrı Merkezi,"Aracı teslim alırken içi temizlenmişti, güzel bir detay."
9156,502471,2024-04-05,Çağrı Merkezi,-
9157,502443,2024-06-14,Google Yorum,"Arıza giderilmemiş, aynı ses devam ediyor. Tekrar gitmek zorunda kaldım."
9158,503936,2024-07-19,Anket,"Randevu almak kolaydı, işlem hızlı bitti. Memnun kaldım."
9159,501680,2024-12-21,Anket,"Randevu saatinde gittim ama iki saat bekledim, kimse bilgi vermedi."
9160,503791,2024-10-25,Anket,Kampanya mesajı geldi ama şubede geçerli değilmiş.
9161,503038,2025-05-09,Anket,"Harika bir deneyimdi, sadece üç hafta bekledim."
9162,500124,2023-02-03,Anket,"Servis iyi de otopark yok, aracı sokağa bırakmak zorunda kaldım."
9163,502581,2025-01-07,Anket,"Personel çok nazikti, sadece süre biraz uzun sürdü."
9164,503026,2024-03-15,E-posta,"Danışman ilgisizdi, sorduğum soruya doğru düzgün cevap vermedi."
9165,500936,2023-04-25,Google Yorum,"Randevu saatinde gittim ama iki saat bekledim, kimse bilgi vermedi."
9166,503248,2025-01-31,Anket,"Ödeme sırasında POS çalışmadı, nakit aramak zorunda kaldım."
9167,502224,2025-03-30,Anket,"Arıza giderilmemiş, aynı ses devam ediyor. Tekrar gitmek zorunda kaldım."
9168,500204,2023-08-30,Çağrı Merkezi,"Danışman bey her adımı tek tek anlattı, fiyat konusunda da şeffaftı."
9169,500226,2023-10-19,Google Yorum,Kampanya mesajı geldi ama şubede geçerli değilmiş.
9170,502233,2023-09-23,E-posta,"Randevu saatinde gittim ama iki saat bekledim, kimse bilgi vermedi."
9171,503488,2023-05-31,Çağrı Merkezi,"Beklediğimden erken bitti, aradılar haber verdiler."
9172,502762,2023-03-22,Anket,?
9173,503769,2023-09-28,Google Yorum,"Fatura tutarı verilen tekliften yüksek çıktı, önceden bilgilendirilmedim."
9174,500973,2025-01-03,Anket,İyi.
9175,502473,2023-02-01,Anket,Fena değildi.
9176,504498,2024-03-28,Google Yorum,Yedek araç verilmesi büyük kolaylık oldu.
9177,501753,2024-05-20,E-posta,"İkinci kez geliyorum, yine sorunsuz. Ekibe teşekkürler."
9178,500535,2023-01-17,Anket,"Yedek parça iki hafta bekledi, bu süre boyunca aracım serviste kaldı."
9179,503991,2023-04-01,Google Yorum,Kötü diyemem ama bir daha gelir miyim bilmiyorum.
9180,501468,2025-05-15,Anket,Kampanya mesajı geldi ama şubede geçerli değilmiş.
9181,501660,2025-04-22,Google Yorum,"Servis ekibi çok ilgiliydi, aracım söz verilen saatte hazırdı. Teşekkürler."
9182,504446,2023-11-07,Çağrı Merkezi,"Servis iyi de otopark yok, aracı sokağa bırakmak zorunda kaldım."
9183,502649,2024-10-07,Google Yorum,
9184,500065,2023-02-07,E-posta,"Ödeme sırasında POS çalışmadı, nakit aramak zorunda kaldım."
9185,500399,2023-10-18,Google Yorum,"Servis iyi de otopark yok, aracı sokağa bırakmak zorunda kaldım."
9186,501049,2023-12-18,Anket,"Danışman bey her adımı tek tek anlattı, fiyat konusunda da şeffaftı."
9187,503254,2024-07-26,Anket,"Aracımın içinde yağ lekesi bıraktılar, koltuk kirlenmişti."
9188,501053,2024-02-01,Anket,"Danışman bey her adımı tek tek anlattı, fiyat konusunda da şeffaftı."
9189,504309,2023-07-25,Çağrı Merkezi,"Personel çok nazikti, sadece süre biraz uzun sürdü."
9190,504310,2025-03-10,Anket,"Rakip markanın servisinde aynı işlem daha ucuzdu, orayı tercih edeceğim."
9191,500124,2025-05-04,Anket,"Aracı teslim alırken içi temizlenmişti, güzel bir detay."
9192,500944,2023-03-02,Çağrı Merkezi,"Randevu almak kolaydı, işlem hızlı bitti. Memnun kaldım."
9193,503010,2025-04-04,E-posta,"Fiyat çok yüksek geldi, aynı işi özel serviste yarı fiyata yaptırabilirdim."
9194,501007,2024-07-06,Anket,"Fatura tutarı verilen tekliften yüksek çıktı, önceden bilgilendirilmedim."
9195,502483,2025-04-10,E-posta,-
9196,501597,2024-07-03,Anket,-
9197,503723,2023-11-09,Anket,"Rakip markanın servisinde aynı işlem daha ucuzdu, orayı tercih edeceğim."
9198,504613,2024-09-26,Google Yorum,"Danışman bey her adımı tek tek anlattı, fiyat konusunda da şeffaftı."
9199,500553,2024-07-05,Anket,"Rakip markanın servisinde aynı işlem daha ucuzdu, orayı tercih edeceğim."
9200,502113,2025-04-20,E-posta,"Fiyat çok yüksek geldi, aynı işi özel serviste yarı fiyata yaptırabilirdim."
9201,503998,2024-09-13,Çağrı Merkezi,"Danışman bey her adımı tek tek anlattı, fiyat konusunda da şeffaftı."
9202,504704,2024-12-02,E-posta,"Hiç de memnun kalmadım denemez, işlerini biliyorlar."
9203,504592,2024-11-28,Google Yorum,"Servis temizdi ve ekip güler yüzlüydü, yalnızca yedek parça beklemesi can sıkıcıydı."
9204,504696,2023-07-22,E-posta,İşçilik kalitesi iyiydi ama fiyatlandırma gerçekten pahalı.
9205,503176,2023-10-27,Anket,"Beklediğimden erken bitti, aradılar haber verdiler."
9206,504225,2023-11-09,Anket,"Randevu saatinde gittim ama iki saat bekledim, kimse bilgi vermedi."
9207,504240,2025-04-20,Anket,İşçilik kalitesi iyiydi ama fiyatlandırma gerçekten pahalı.
9208,502781,2023-02-15,Google Yorum,"İkinci kez geliyorum, yine sorunsuz. Ekibe teşekkürler."
9209,502699,2023-06-28,Anket,"Yedek parça iki hafta bekledi, bu süre boyunca aracım serviste kaldı."
9210,503474,2023-04-20,Google Yorum,Kampanya mesajı geldi ama şubede geçerli değilmiş.
9211,502179,2023-10-05,Çağrı Merkezi,İyi.
9212,503918,2024-01-20,Anket,"Danışman bey her adımı tek tek anlattı, fiyat konusunda da şeffaftı."
9213,502647,2025-03-12,Çağrı Merkezi,"Danışman ilgisizdi, sorduğum soruya doğru düzgün cevap vermedi."
9214,500642,2023-10-15,E-posta,"Randevu almak kolaydı, işlem hızlı bitti. Memnun kaldım."
9215,500555,2025-06-28,Çağrı Merkezi,"Yedek parça iki hafta bekledi, bu süre boyunca aracım serviste kaldı."
9216,501600,2024-03-15,Çağrı Merkezi,"Danışman bey her adımı tek tek anlattı, fiyat konusunda da şeffaftı."
9217,502586,2025-04-16,Google Yorum,Bir yıldız bile fazla.
9218,502616,2024-04-15,Anket,-
9219,503519,2023-07-28,Anket,"Fatura tutarı verilen tekliften yüksek çıktı, önceden bilgilendirilmedim."
9220,500480,2024-07-13,Anket,Teşekkürler
9221,503137,2025-05-01,Çağrı Merkezi,"Aracımla ilgili değil ama web sitenizden randevu alınmıyor, sürekli hata veriyor."
9222,502592,2024-08-11,Google Yorum,"Rakip markanın servisinde aynı işlem daha ucuzdu, orayı tercih edeceğim."
9223,501219,2025-03-23,Çağrı Merkezi,"Danışman bey her adımı tek tek anlattı, fiyat konusunda da şeffaftı."
9224,503623,2023-04-22,Çağrı Merkezi,"Harika bir deneyimdi, sadece üç hafta bekledim."
9225,501621,2025-04-08,Anket,"Beklediğimden erken bitti, aradılar haber verdiler."
9226,504342,2024-10-15,Anket,"Ödeme sırasında POS çalışmadı, nakit aramak zorunda kaldım."
9227,501351,2023-03-07,Anket,-
9228,504781,2024-03-15,Google Yorum,"Telefonla kimseye ulaşamıyorum, çağrı merkezi sürekli meşgul."
9229,500679,2024-08-17,Anket,"Beklediğimden erken bitti, aradılar haber verdiler."
9230,503962,2023-06-05,Çağrı Merkezi,"İkinci kez geliyorum, yine sorunsuz. Ekibe teşekkürler."
9231,501313,2024-08-04,Anket,"Telefonla kimseye ulaşamıyorum, çağrı merkezi sürekli meşgul."
9232,504679,2024-10-31,E-posta,İşçilik kalitesi iyiydi ama fiyatlandırma gerçekten pahalı.
9233,502984,2024-11-20,E-posta,İyi.
9234,500569,2024-04-30,Google Yorum,Mükemmel değildi ama beklentimin altında da kalmadı.
9235,504503,2024-12-16,Anket,"Yedek parça iki hafta bekledi, bu süre boyunca aracım serviste kaldı."
9236,503564,2023-07-31,Anket,"Arıza giderilmemiş, aynı ses devam ediyor. Tekrar gitmek zorunda kaldım."
9237,500504,2025-04-12,Google Yorum,Yedek araç verilmesi büyük kolaylık oldu.
9238,500536,2024-04-20,E-posta,"Arıza giderilmemiş, aynı ses devam ediyor. Tekrar gitmek zorunda kaldım."
9239,502678,2023-06-01,Anket,"Aracımla ilgili değil ama web sitenizden randevu alınmıyor, sürekli hata veriyor."
9240,501468,2025-06-25,Anket,"Aracımın içinde yağ lekesi bıraktılar, koltuk kirlenmişti."
9241,500877,2023-08-17,E-posta,"Randevu saatinde gittim ama iki saat bekledim, kimse bilgi vermedi."
9242,503541,2023-03-14,Anket,"Arıza çözüldü ancak randevu sistemi çok karışık, üç kez aramak zorunda kaldım."
9243,502792,2023-07-29,Çağrı Merkezi,"Beklediğimden erken bitti, aradılar haber verdiler."
9244,503153,2023-07-23,Anket,"Randevu saatinde gittim ama iki saat bekledim, kimse bilgi vermedi."
9245,500731,2024-06-07,Anket,"Danışman ilgisizdi, sorduğum soruya doğru düzgün cevap vermedi."
9246,502623,2025-02-23,Anket,Bir yıldız bile fazla.
9247,501884,2024-08-22,Anket,"Rakip markanın servisinde aynı işlem daha ucuzdu, orayı tercih edeceğim."
9248,503551,2024-03-29,Çağrı Merkezi,"Beklediğimden erken bitti, aradılar haber verdiler."
9249,501908,2023-12-01,Anket,"Randevu saatinde gittim ama iki saat bekledim, kimse bilgi vermedi."
9250,500821,2025-02-12,Anket,Bir yıldız bile fazla.
9251,501278,2023-01-23,Anket,
9252,502058,2024-09-19,Google Yorum,"Danışman bey her adımı tek tek anlattı, fiyat konusunda da şeffaftı."
9253,501315,2025-01-18,Google Yorum,"Danışman ilgisizdi, sorduğum soruya doğru düzgün cevap vermedi."
9254,501073,2023-09-22,E-posta,"Telefonla kimseye ulaşamıyorum, çağrı merkezi sürekli meşgul."
9255,503897,2025-03-19,Anket,"Beklediğimden erken bitti, aradılar haber verdiler."
9256,503766,2023-09-06,Google Yorum,Yedek araç verilmesi büyük kolaylık oldu.
9257,502724,2025-03-09,Anket,"Servis iyi de otopark yok, aracı sokağa bırakmak zorunda kaldım."
9258,503133,2024-06-21,Anket,"Aracı teslim alırken içi temizlenmişti, güzel bir detay."
9259,504474,2024-10-11,E-posta,?
9260,504154,2024-10-21,Anket,Bir yıldız bile fazla.
9261,504655,2024-06-23,Çağrı Merkezi,Teşekkürler
9262,500356,2024-07-13,Google Yorum,"Yedek parça iki hafta bekledi, bu süre boyunca aracım serviste kaldı."
9263,500325,2023-02-23,Anket,"Harika bir deneyimdi, sadece üç hafta bekledim."
9264,502173,2024-07-02,Çağrı Merkezi,"Arıza çözüldü ancak randevu sistemi çok karışık, üç kez aramak zorunda kaldım."
9265,503628,2024-09-25,Anket,"Fatura tutarı verilen tekliften yüksek çıktı, önceden bilgilendirilmedim."
9266,501880,2024-07-06,Anket,"Danışman ilgisizdi, sorduğum soruya doğru düzgün cevap vermedi."
9267,501885,2023-09-27,Anket,Kampanya mesajı geldi ama şubede geçerli değilmiş.
9268,503294,2024-03-08,E-posta,"Servis ekibi çok ilgiliydi, aracım söz verilen saatte hazırdı. Teşekkürler."
9269,501917,2025-03-31,Çağrı Merkezi,Kötü diyemem ama bir daha gelir miyim bilmiyorum.
9270,501712,2025-02-27,Anket,Fena değildi.
9271,503702,2025-01-09,Anket,"Randevu almak kolaydı, işlem hızlı bitti. Memnun kaldım."
9272,503522,2025-06-23,Anket,"İkinci kez geliyorum, yine sorunsuz. Ekibe teşekkürler."
9273,500997,2023-06-05,Anket,"Randevu saatinde gittim ama iki saat bekledim, kimse bilgi vermedi."
9274,502417,2023-03-01,Çağrı Merkezi,"Fatura tutarı verilen tekliften yüksek çıktı, önceden bilgilendirilmedim."
9275,500779,2024-02-15,Anket,?
9276,501834,2024-11-13,E-posta,"Aracımın içinde yağ lekesi bıraktılar, koltuk kirlenmişti."
9277,503247,2023-01-18,Google Yorum,"Servis iyi de otopark yok, aracı sokağa bırakmak zorunda kaldım."
9278,500907,2024-08-14,Anket,"Fatura tutarı verilen tekliften yüksek çıktı, önceden bilgilendirilmedim."
9279,501482,2024-07-15,Anket,"Beklediğimden erken bitti, aradılar haber verdiler."
9280,502785,2023-11-21,Anket,"Danışman ilgisizdi, sorduğum soruya doğru düzgün cevap vermedi."
9281,501506,2024-04-29,Çağrı Merkezi,Mükemmel değildi ama beklentimin altında da kalmadı.
9282,500602,2024-01-07,Google Yorum,"Aracımın içinde yağ lekesi bıraktılar, koltuk kirlenmişti."
9283,504593,2024-04-28,Anket,"Aracımla ilgili değil ama web sitenizden randevu alınmıyor, sürekli hata veriyor."
9284,504197,2024-02-16,E-posta,"Servis ekibi çok ilgiliydi, aracım söz verilen saatte hazırdı. Teşekkürler."
9285,502649,2023-02-05,Çağrı Merkezi,"Danışman ilgisizdi, sorduğum soruya doğru düzgün cevap vermedi."
9286,502476,2024-06-30,Anket,"Personel çok nazikti, sadece süre biraz uzun sürdü."
9287,504750,2024-04-27,Çağrı Merkezi,"Aracı teslim alırken içi temizlenmişti, güzel bir detay."
9288,500212,2024-03-18,Anket,
9289,504172,2024-06-05,E-posta,"Servis iyi de otopark yok, aracı sokağa bırakmak zorunda kaldım."
9290,500037,2024-11-12,Anket,"Servis temizdi ve ekip güler yüzlüydü, yalnızca yedek parça beklemesi can sıkıcıydı."
9291,501466,2024-08-30,E-posta,"Fatura tutarı verilen tekliften yüksek çıktı, önceden bilgilendirilmedim."
9292,504251,2023-09-19,Anket,"Arıza giderilmemiş, aynı ses devam ediyor. Tekrar gitmek zorunda kaldım."
9293,503903,2024-08-20,Google Yorum,"Servis ekibi çok ilgiliydi, aracım söz verilen saatte hazırdı. Teşekkürler."
9294,503482,2023-12-11,Anket,Fena değildi.
9295,502260,2024-04-15,E-posta,"Aracımın içinde yağ lekesi bıraktılar, koltuk kirlenmişti."
9296,504591,2024-09-16,Anket,"Personel çok nazikti, sadece süre biraz uzun sürdü."
9297,504683,2025-05-17,Anket,"Fiyat çok yüksek geldi, aynı işi özel serviste yarı fiyata yaptırabilirdim."
9298,502040,2024-07-09,Google Yorum,"Fatura tutarı verilen tekliften yüksek çıktı, önceden bilgilendirilmedim."
9299,503694,2023-07-06,Anket,"Arıza çözüldü ancak randevu sistemi çok karışık, üç kez aramak zorunda kaldım."
9300,500530,2023-08-01,Anket,"Fatura tutarı verilen tekliften yüksek çıktı, önceden bilgilendirilmedim."
9301,502528,2023-05-03,E-posta,"Aracımın içinde yağ lekesi bıraktılar, koltuk kirlenmişti."
9302,502218,2024-02-12,E-posta,"İkinci kez geliyorum, yine sorunsuz. Ekibe teşekkürler."
9303,501057,2025-04-28,Çağrı Merkezi,"Ödeme sırasında POS çalışmadı, nakit aramak zorunda kaldım."
9304,504272,2025-05-04,Anket,"İkinci kez geliyorum, yine sorunsuz. Ekibe teşekkürler."
9305,500806,2024-06-08,Çağrı Merkezi,"Arıza giderilmemiş, aynı ses devam ediyor. Tekrar gitmek zorunda kaldım."
9306,502229,2025-04-21,Google Yorum,"Beklediğimden erken bitti, aradılar haber verdiler."
9307,504589,2023-01-13,Anket,"Servis temizdi ve ekip güler yüzlüydü, yalnızca yedek parça beklemesi can sıkıcıydı."
9308,503225,2025-02-23,Çağrı Merkezi,İyi.
9309,500931,2023-03-28,Anket,"İkinci kez geliyorum, yine sorunsuz. Ekibe teşekkürler."
9310,502103,2024-01-19,Google Yorum,"Fatura tutarı verilen tekliften yüksek çıktı, önceden bilgilendirilmedim."
9311,504218,2023-05-31,Çağrı Merkezi,"Fiyat çok yüksek geldi, aynı işi özel serviste yarı fiyata yaptırabilirdim."
9312,504496,2025-05-23,Anket,İşçilik kalitesi iyiydi ama fiyatlandırma gerçekten pahalı.
9313,502755,2023-03-12,Çağrı Merkezi,"Danışman ilgisizdi, sorduğum soruya doğru düzgün cevap vermedi."
9314,502864,2024-09-07,Google Yorum,"Telefonla kimseye ulaşamıyorum, çağrı merkezi sürekli meşgul."
9315,501378,2023-07-23,Google Yorum,"Harika bir deneyimdi, sadece üç hafta bekledim."
9316,504158,2024-04-27,E-posta,"Telefonla kimseye ulaşamıyorum, çağrı merkezi sürekli meşgul."
9317,504010,2024-02-18,Anket,Mükemmel değildi ama beklentimin altında da kalmadı.
9318,503944,2024-10-13,Çağrı Merkezi,"Yedek parça iki hafta bekledi, bu süre boyunca aracım serviste kaldı."
9319,503086,2023-04-18,Anket,"Aracı teslim alırken içi temizlenmişti, güzel bir detay."
9320,504439,2024-09-17,Çağrı Merkezi,"Harika bir deneyimdi, sadece üç hafta bekledim."
9321,504352,2023-05-16,Çağrı Merkezi,"Ödeme sırasında POS çalışmadı, nakit aramak zorunda kaldım."
9322,504398,2024-10-26,Çağrı Merkezi,Kötü diyemem ama bir daha gelir miyim bilmiyorum.
9323,502128,2025-02-12,Google Yorum,Fena değildi.
9324,502487,2023-04-06,E-posta,"Arıza giderilmemiş, aynı ses devam ediyor. Tekrar gitmek zorunda kaldım."
9325,501803,2023-06-11,Anket,İşçilik kalitesi iyiydi ama fiyatlandırma gerçekten pahalı.
9326,501013,2025-05-12,Çağrı Merkezi,"Aracı teslim alırken içi temizlenmişti, güzel bir detay."
9327,503658,2025-01-13,Çağrı Merkezi,"Aracımın içinde yağ lekesi bıraktılar, koltuk kirlenmişti."
9328,501903,2024-06-15,Anket,-
9329,502121,2024-04-18,Anket,Fena değildi.
9330,503343,2024-06-27,Google Yorum,Mükemmel değildi ama beklentimin altında da kalmadı.
9331,502445,2025-03-28,Google Yorum,"Fiyat çok yüksek geldi, aynı işi özel serviste yarı fiyata yaptırabilirdim."
9332,503441,2023-09-03,Çağrı Merkezi,"Harika bir deneyimdi, sadece üç hafta bekledim."
9333,503067,2023-05-17,Anket,"Servis temizdi ve ekip güler yüzlüydü, yalnızca yedek parça beklemesi can sıkıcıydı."
9334,504404,2023-08-31,Anket,"Servis ekibi çok ilgiliydi, aracım söz verilen saatte hazırdı. Teşekkürler."
9335,501261,2023-03-15,Çağrı Merkezi,"Yedek parça iki hafta bekledi, bu süre boyunca aracım serviste kaldı."
9336,504480,2025-04-12,Anket,"Randevu almak kolaydı, işlem hızlı bitti. Memnun kaldım."
9337,504525,2023-04-04,Anket,"Servis ekibi çok ilgiliydi, aracım söz verilen saatte hazırdı. Teşekkürler."
9338,503023,2025-02-19,E-posta,Yedek araç verilmesi büyük kolaylık oldu.
9339,502011,2024-08-28,E-posta,"Fatura tutarı verilen tekliften yüksek çıktı, önceden bilgilendirilmedim."
9340,502545,2023-09-02,Anket,Sorun yok.
9341,500147,2024-02-07,Anket,Kampanya mesajı geldi ama şubede geçerli değilmiş.
9342,504550,2023-10-22,Anket,Mükemmel değildi ama beklentimin altında da kalmadı.
9343,504441,2025-06-30,E-posta,Kampanya mesajı geldi ama şubede geçerli değilmiş.
9344,504170,2024-02-28,Çağrı Merkezi,"Danışman ilgisizdi, sorduğum soruya doğru düzgün cevap vermedi."
9345,501309,2023-03-06,Google Yorum,"İkinci kez geliyorum, yine sorunsuz. Ekibe teşekkürler."
9346,503433,2024-07-31,Google Yorum,"Danışman bey her adımı tek tek anlattı, fiyat konusunda da şeffaftı."
9347,500346,2023-01-30,Anket,"Danışman ilgisizdi, sorduğum soruya doğru düzgün cevap vermedi."
9348,503675,2023-02-10,Google Yorum,"Ödeme sırasında POS çalışmadı, nakit aramak zorunda kaldım."
9349,500937,2023-09-16,Anket,Fena değildi.
9350,502246,2023-07-15,Anket,"Danışman bey her adımı tek tek anlattı, fiyat konusunda da şeffaftı."
9351,504440,2023-11-16,Çağrı Merkezi,"Randevu saatinde gittim ama iki saat bekledim, kimse bilgi vermedi."
9352,500680,2023-02-22,Anket,"Beklediğimden erken bitti, aradılar haber verdiler."
9353,500932,2023-02-03,Google Yorum,-
9354,500704,2025-06-07,Çağrı Merkezi,"Aracı teslim alırken içi temizlenmişti, güzel bir detay."
9355,502359,2025-06-19,E-posta,
9356,500149,2024-07-06,Google Yorum,"İkinci kez geliyorum, yine sorunsuz. Ekibe teşekkürler."
9357,501669,2024-01-19,Anket,"Danışman ilgisizdi, sorduğum soruya doğru düzgün cevap vermedi."
9358,504012,2024-07-04,Anket,Yedek araç verilmesi büyük kolaylık oldu.
9359,503074,2023-10-17,Anket,"Personel çok nazikti, sadece süre biraz uzun sürdü."
9360,503762,2023-04-18,E-posta,Teşekkürler
9361,504455,2024-03-28,Google Yorum,"Arıza giderilmemiş, aynı ses devam ediyor. Tekrar gitmek zorunda kaldım."
9362,501305,2023-09-22,Google Yorum,"Randevu saatinde gittim ama iki saat bekledim, kimse bilgi vermedi."
9363,504441,2024-10-05,E-posta,"Personel çok nazikti, sadece süre biraz uzun sürdü."
9364,504219,2024-01-17,Çağrı Merkezi,Bir yıldız bile fazla.
9365,500491,2024-10-19,Anket,"Yedek parça iki hafta bekledi, bu süre boyunca aracım serviste kaldı."
9366,503239,2024-01-24,Çağrı Merkezi,Kötü diyemem ama bir daha gelir miyim bilmiyorum.
9367,502239,2024-07-23,Anket,"Randevu saatinde gittim ama iki saat bekledim, kimse bilgi vermedi."
9368,502762,2025-05-01,Anket,"Fatura tutarı verilen tekliften yüksek çıktı, önceden bilgilendirilmedim."
9369,502373,2025-04-12,Anket,"Yedek parça iki hafta bekledi, bu süre boyunca aracım serviste kaldı."
9370,503244,2025-02-13,Anket,"Arıza giderilmemiş, aynı ses devam ediyor. Tekrar gitmek zorunda kaldım."
9371,503950,2025-03-16,E-posta,"Servis ekibi çok ilgiliydi, aracım söz verilen saatte hazırdı. Teşekkürler."
9372,501561,2023-03-25,Google Yorum,Yedek araç verilmesi büyük kolaylık oldu.
9373,501671,2023-07-18,Çağrı Merkezi,"Fiyat çok yüksek geldi, aynı işi özel serviste yarı fiyata yaptırabilirdim."
9374,500629,2023-03-26,Anket,Fena değildi.
9375,501727,2024-03-06,E-posta,"Beklediğimden erken bitti, aradılar haber verdiler."
9376,500528,2024-05-10,Google Yorum,-
9377,503401,2023-03-09,E-posta,"Servis ekibi çok ilgiliydi, aracım söz verilen saatte hazırdı. Teşekkürler."
9378,500097,2024-12-05,E-posta,"Fatura tutarı verilen tekliften yüksek çıktı, önceden bilgilendirilmedim."
9379,503388,2025-01-03,Google Yorum,"İkinci kez geliyorum, yine sorunsuz. Ekibe teşekkürler."
9380,503808,2024-11-30,Google Yorum,"Fatura tutarı verilen tekliften yüksek çıktı, önceden bilgilendirilmedim."
9381,501839,2024-02-17,Anket,"Fiyat çok yüksek geldi, aynı işi özel serviste yarı fiyata yaptırabilirdim."
9382,501348,2024-11-18,Anket,Mükemmel değildi ama beklentimin altında da kalmadı.
9383,503228,2023-03-20,Anket,"Telefonla kimseye ulaşamıyorum, çağrı merkezi sürekli meşgul."
9384,502296,2024-04-11,Çağrı Merkezi,"Randevu saatinde gittim ama iki saat bekledim, kimse bilgi vermedi."
9385,502364,2023-12-09,Anket,Mükemmel değildi ama beklentimin altında da kalmadı.
9386,501702,2025-01-06,E-posta,Kampanya mesajı geldi ama şubede geçerli değilmiş.
9387,501144,2023-10-28,Anket,"Yedek parça iki hafta bekledi, bu süre boyunca aracım serviste kaldı."
9388,502200,2024-10-31,E-posta,?
9389,501059,2023-11-22,Anket,İşçilik kalitesi iyiydi ama fiyatlandırma gerçekten pahalı.
9390,503434,2025-04-16,Anket,Sorun yok.
9391,502069,2023-02-02,Anket,Sorun yok.
9392,500861,2024-09-20,Çağrı Merkezi,Yedek araç verilmesi büyük kolaylık oldu.
9393,503040,2025-04-23,Anket,"Beklediğimden erken bitti, aradılar haber verdiler."
9394,503522,2025-01-07,E-posta,"Servis ekibi çok ilgiliydi, aracım söz verilen saatte hazırdı. Teşekkürler."
9395,503097,2025-06-11,Anket,"Beklediğimden erken bitti, aradılar haber verdiler."
9396,502236,2023-08-10,Anket,İyi.
9397,501919,2024-09-22,Anket,Yedek araç verilmesi büyük kolaylık oldu.
9398,502914,2024-02-26,E-posta,"Fiyat çok yüksek geldi, aynı işi özel serviste yarı fiyata yaptırabilirdim."
9399,501564,2024-05-22,Google Yorum,"Randevu saatinde gittim ama iki saat bekledim, kimse bilgi vermedi."
9400,504450,2024-10-21,Anket,Yedek araç verilmesi büyük kolaylık oldu.
9401,500224,2024-10-08,E-posta,Bir yıldız bile fazla.
9402,500013,2024-09-11,Anket,"Yedek parça iki hafta bekledi, bu süre boyunca aracım serviste kaldı."
9403,500693,2023-05-27,E-posta,"Arıza çözüldü ancak randevu sistemi çok karışık, üç kez aramak zorunda kaldım."
9404,503829,2024-01-23,Anket,"Telefonla kimseye ulaşamıyorum, çağrı merkezi sürekli meşgul."
9405,504243,2024-07-11,Anket,"Randevu saatinde gittim ama iki saat bekledim, kimse bilgi vermedi."
9406,502500,2024-11-29,Google Yorum,İyi.
9407,500499,2025-04-12,Anket,"Danışman bey her adımı tek tek anlattı, fiyat konusunda da şeffaftı."
9408,504483,2025-05-23,Anket,"Aracı teslim alırken içi temizlenmişti, güzel bir detay."
9409,503955,2024-02-24,Anket,"Danışman ilgisizdi, sorduğum soruya doğru düzgün cevap vermedi."
9410,501587,2025-06-22,Anket,Sorun yok.
9411,503274,2024-07-18,Anket,Yedek araç verilmesi büyük kolaylık oldu.
9412,502749,2024-09-02,E-posta,Kampanya mesajı geldi ama şubede geçerli değilmiş.
9413,502504,2023-09-21,Anket,"Servis ekibi çok ilgiliydi, aracım söz verilen saatte hazırdı. Teşekkürler."
9414,500386,2023-09-24,Anket,Kötü diyemem ama bir daha gelir miyim bilmiyorum.
9415,503459,2023-10-06,Anket,"Fatura tutarı verilen tekliften yüksek çıktı, önceden bilgilendirilmedim."
9416,501488,2024-04-07,Anket,Fena değildi.
9417,503543,2025-01-13,Çağrı Merkezi,"Aracımla ilgili değil ama web sitenizden randevu alınmıyor, sürekli hata veriyor."
9418,501504,2024-12-11,Anket,"İkinci kez geliyorum, yine sorunsuz. Ekibe teşekkürler."
9419,504582,2024-05-10,Çağrı Merkezi,Yedek araç verilmesi büyük kolaylık oldu.
9420,500054,2023-11-13,Google Yorum,İşçilik kalitesi iyiydi ama fiyatlandırma gerçekten pahalı.
9421,503561,2024-01-26,Anket,Kampanya mesajı geldi ama şubede geçerli değilmiş.
9422,501513,2023-10-04,Google Yorum,Bir yıldız bile fazla.
9423,501542,2024-11-20,E-posta,"Arıza çözüldü ancak randevu sistemi çok karışık, üç kez aramak zorunda kaldım."
9424,504449,2024-06-11,Anket,İşçilik kalitesi iyiydi ama fiyatlandırma gerçekten pahalı.
9425,503692,2023-08-16,Google Yorum,Kötü diyemem ama bir daha gelir miyim bilmiyorum.
9426,503207,2023-07-07,Google Yorum,"Fiyat çok yüksek geldi, aynı işi özel serviste yarı fiyata yaptırabilirdim."
9427,503374,2025-01-18,Google Yorum,"Hiç de memnun kalmadım denemez, işlerini biliyorlar."
9428,503789,2023-06-07,E-posta,"Randevu almak kolaydı, işlem hızlı bitti. Memnun kaldım."
9429,504240,2023-10-06,Google Yorum,"Ödeme sırasında POS çalışmadı, nakit aramak zorunda kaldım."
9430,504518,2023-02-13,E-posta,"Danışman bey her adımı tek tek anlattı, fiyat konusunda da şeffaftı."
9431,501815,2023-06-09,Google Yorum,Sorun yok.
9432,502452,2024-12-29,Çağrı Merkezi,"İkinci kez geliyorum, yine sorunsuz. Ekibe teşekkürler."
9433,500675,2025-02-20,Anket,Yedek araç verilmesi büyük kolaylık oldu.
9434,500253,2023-02-16,Çağrı Merkezi,"Fiyat çok yüksek geldi, aynı işi özel serviste yarı fiyata yaptırabilirdim."
9435,502056,2023-03-19,Google Yorum,Fena değildi.
9436,502207,2024-07-20,Anket,Yedek araç verilmesi büyük kolaylık oldu.
9437,503163,2023-05-23,Çağrı Merkezi,"Danışman ilgisizdi, sorduğum soruya doğru düzgün cevap vermedi."
9438,501630,2023-06-03,Çağrı Merkezi,"Yedek parça iki hafta bekledi, bu süre boyunca aracım serviste kaldı."
9439,502616,2024-06-16,Anket,"Randevu almak kolaydı, işlem hızlı bitti. Memnun kaldım."
9440,501356,2024-07-14,E-posta,"Aracımın içinde yağ lekesi bıraktılar, koltuk kirlenmişti."
9441,502855,2023-07-20,Anket,"Personel çok nazikti, sadece süre biraz uzun sürdü."
9442,503669,2024-02-12,Anket,"Servis ekibi çok ilgiliydi, aracım söz verilen saatte hazırdı. Teşekkürler."
9443,501685,2024-06-23,Anket,"Aracı teslim alırken içi temizlenmişti, güzel bir detay."
9444,500090,2023-04-02,Google Yorum,"Servis temizdi ve ekip güler yüzlüydü, yalnızca yedek parça beklemesi can sıkıcıydı."
9445,500306,2025-03-31,Çağrı Merkezi,"Ödeme sırasında POS çalışmadı, nakit aramak zorunda kaldım."
9446,502643,2023-04-11,Anket,"Randevu almak kolaydı, işlem hızlı bitti. Memnun kaldım."
9447,502851,2023-07-14,Anket,"Beklediğimden erken bitti, aradılar haber verdiler."
9448,502741,2024-05-04,Anket,İşçilik kalitesi iyiydi ama fiyatlandırma gerçekten pahalı.
9449,502525,2023-12-14,Anket,"Fatura tutarı verilen tekliften yüksek çıktı, önceden bilgilendirilmedim."
9450,502738,2025-06-17,Google Yorum,Mükemmel değildi ama beklentimin altında da kalmadı.
9451,503834,2024-03-14,E-posta,?
9452,501235,2025-04-26,Anket,"Hiç de memnun kalmadım denemez, işlerini biliyorlar."
9453,503325,2025-03-09,Google Yorum,"Servis temizdi ve ekip güler yüzlüydü, yalnızca yedek parça beklemesi can sıkıcıydı."
9454,503727,2024-08-30,E-posta,"Aracı teslim alırken içi temizlenmişti, güzel bir detay."
9455,502722,2023-09-27,Anket,-
9456,504360,2024-08-02,Anket,İşçilik kalitesi iyiydi ama fiyatlandırma gerçekten pahalı.
9457,503446,2024-03-21,Anket,"Danışman ilgisizdi, sorduğum soruya doğru düzgün cevap vermedi."
9458,501202,2023-11-07,Google Yorum,"Danışman bey her adımı tek tek anlattı, fiyat konusunda da şeffaftı."
9459,501490,2023-02-14,Anket,"Fiyat çok yüksek geldi, aynı işi özel serviste yarı fiyata yaptırabilirdim."
9460,503026,2025-01-07,Google Yorum,"Randevu almak kolaydı, işlem hızlı bitti. Memnun kaldım."
9461,501594,2023-12-03,E-posta,"Arıza çözüldü ancak randevu sistemi çok karışık, üç kez aramak zorunda kaldım."
9462,504472,2023-04-07,Anket,"İkinci kez geliyorum, yine sorunsuz. Ekibe teşekkürler."
9463,502650,2023-06-02,Anket,İyi.
9464,504095,2025-01-28,Google Yorum,"Hiç de memnun kalmadım denemez, işlerini biliyorlar."
9465,502886,2024-12-17,Çağrı Merkezi,"Aracı teslim alırken içi temizlenmişti, güzel bir detay."
9466,504221,2024-02-01,Google Yorum,"Personel çok nazikti, sadece süre biraz uzun sürdü."
9467,503827,2024-12-02,Çağrı Merkezi,Mükemmel değildi ama beklentimin altında da kalmadı.
9468,501089,2023-02-01,Anket,"Telefonla kimseye ulaşamıyorum, çağrı merkezi sürekli meşgul."
9469,503611,2024-09-22,Çağrı Merkezi,"Servis ekibi çok ilgiliydi, aracım söz verilen saatte hazırdı. Teşekkürler."
9470,504306,2024-07-03,E-posta,"Aracı teslim alırken içi temizlenmişti, güzel bir detay."
9471,501522,2024-02-03,Google Yorum,Kampanya mesajı geldi ama şubede geçerli değilmiş.
9472,500688,2023-02-11,Anket,Fena değildi.
9473,502991,2025-02-23,Çağrı Merkezi,"Aracımın içinde yağ lekesi bıraktılar, koltuk kirlenmişti."
9474,504527,2024-01-07,Google Yorum,"Fatura tutarı verilen tekliften yüksek çıktı, önceden bilgilendirilmedim."
9475,503114,2023-04-10,Google Yorum,Teşekkürler
9476,501277,2023-03-08,E-posta,"Danışman ilgisizdi, sorduğum soruya doğru düzgün cevap vermedi."
9477,503475,2023-12-30,Anket,"Rakip markanın servisinde aynı işlem daha ucuzdu, orayı tercih edeceğim."
9478,503909,2024-09-23,Google Yorum,"Servis ekibi çok ilgiliydi, aracım söz verilen saatte hazırdı. Teşekkürler."
9479,502671,2024-02-09,Anket,"Yedek parça iki hafta bekledi, bu süre boyunca aracım serviste kaldı."
9480,501180,2024-03-18,Google Yorum,"Aracı teslim alırken içi temizlenmişti, güzel bir detay."
9481,500400,2024-01-28,Anket,"Danışman ilgisizdi, sorduğum soruya doğru düzgün cevap vermedi."
9482,503875,2023-09-23,E-posta,"Personel çok nazikti, sadece süre biraz uzun sürdü."
9483,502791,2024-06-30,Anket,"Fiyat çok yüksek geldi, aynı işi özel serviste yarı fiyata yaptırabilirdim."
9484,503763,2023-08-30,Google Yorum,"Fatura tutarı verilen tekliften yüksek çıktı, önceden bilgilendirilmedim."
9485,502062,2025-05-15,Anket,"Fatura tutarı verilen tekliften yüksek çıktı, önceden bilgilendirilmedim."
9486,504650,2024-07-03,Anket,"Danışman ilgisizdi, sorduğum soruya doğru düzgün cevap vermedi."
9487,503455,2025-06-10,Google Yorum,"İkinci kez geliyorum, yine sorunsuz. Ekibe teşekkürler."
9488,501156,2025-03-20,Anket,"Danışman bey her adımı tek tek anlattı, fiyat konusunda da şeffaftı."
9489,501712,2023-02-06,Anket,"Aracımla ilgili değil ama web sitenizden randevu alınmıyor, sürekli hata veriyor."
9490,503943,2023-06-15,Google Yorum,"Fatura tutarı verilen tekliften yüksek çıktı, önceden bilgilendirilmedim."
9491,503060,2024-01-22,Anket,"Randevu almak kolaydı, işlem hızlı bitti. Memnun kaldım."
9492,504106,2024-04-11,Google Yorum,"Beklediğimden erken bitti, aradılar haber verdiler."
9493,504136,2024-05-22,E-posta,"İkinci kez geliyorum, yine sorunsuz. Ekibe teşekkürler."
9494,502405,2024-04-21,Çağrı Merkezi,"Servis temizdi ve ekip güler yüzlüydü, yalnızca yedek parça beklemesi can sıkıcıydı."
9495,501625,2023-10-05,Google Yorum,"Aracı teslim alırken içi temizlenmişti, güzel bir detay."
9496,504407,2023-08-22,Anket,"Aracımın içinde yağ lekesi bıraktılar, koltuk kirlenmişti."
9497,500273,2025-04-19,Çağrı Merkezi,-
9498,501708,2023-09-11,Anket,Mükemmel değildi ama beklentimin altında da kalmadı.
9499,500428,2024-08-29,Google Yorum,"Telefonla kimseye ulaşamıyorum, çağrı merkezi sürekli meşgul."
9500,501252,2024-09-04,Anket,Teşekkürler
9501,502267,2024-11-08,Anket,"Personel çok nazikti, sadece süre biraz uzun sürdü."
9502,503483,2025-01-02,E-posta,"Servis temizdi ve ekip güler yüzlüydü, yalnızca yedek parça beklemesi can sıkıcıydı."
9503,500584,2024-01-24,Google Yorum,Kampanya mesajı geldi ama şubede geçerli değilmiş.
9504,501598,2023-10-16,E-posta,İyi.
9505,503816,2023-11-21,Çağrı Merkezi,Yedek araç verilmesi büyük kolaylık oldu.
9506,504069,2023-02-09,Anket,"Arıza çözüldü ancak randevu sistemi çok karışık, üç kez aramak zorunda kaldım."
9507,503374,2023-08-07,Google Yorum,"Aracımın içinde yağ lekesi bıraktılar, koltuk kirlenmişti."
9508,504202,2024-10-10,Çağrı Merkezi,"Randevu almak kolaydı, işlem hızlı bitti. Memnun kaldım."
9509,502682,2024-11-10,Çağrı Merkezi,"Yedek parça iki hafta bekledi, bu süre boyunca aracım serviste kaldı."
9510,503499,2024-02-02,Anket,
9511,501653,2025-04-01,Anket,Bir yıldız bile fazla.
9512,501869,2024-05-01,Anket,"Harika bir deneyimdi, sadece üç hafta bekledim."
9513,501611,2024-07-29,E-posta,"İkinci kez geliyorum, yine sorunsuz. Ekibe teşekkürler."
9514,500478,2023-05-10,Anket,"Arıza giderilmemiş, aynı ses devam ediyor. Tekrar gitmek zorunda kaldım."
9515,501666,2023-06-09,Çağrı Merkezi,"Aracımın içinde yağ lekesi bıraktılar, koltuk kirlenmişti."
9516,501845,2023-05-02,Çağrı Merkezi,"Yedek parça iki hafta bekledi, bu süre boyunca aracım serviste kaldı."
9517,503428,2024-09-06,Anket,"Telefonla kimseye ulaşamıyorum, çağrı merkezi sürekli meşgul."
9518,500881,2023-03-07,Anket,"Ödeme sırasında POS çalışmadı, nakit aramak zorunda kaldım."
9519,501781,2024-08-24,Google Yorum,"İkinci kez geliyorum, yine sorunsuz. Ekibe teşekkürler."
9520,502104,2025-01-27,E-posta,"Aracımla ilgili değil ama web sitenizden randevu alınmıyor, sürekli hata veriyor."
9521,500760,2023-02-03,Anket,"Fatura tutarı verilen tekliften yüksek çıktı, önceden bilgilendirilmedim."
9522,500488,2023-05-06,Anket,Kampanya mesajı geldi ama şubede geçerli değilmiş.
9523,501065,2024-10-26,Çağrı Merkezi,"Hiç de memnun kalmadım denemez, işlerini biliyorlar."
9524,503517,2023-06-12,Anket,Kötü diyemem ama bir daha gelir miyim bilmiyorum.
9525,500318,2023-07-29,Anket,Fena değildi.
9526,504215,2024-03-24,Google Yorum,Teşekkürler
9527,502557,2023-09-08,Anket,"Aracı teslim alırken içi temizlenmişti, güzel bir detay."
9528,504261,2024-03-07,Anket,"Hiç de memnun kalmadım denemez, işlerini biliyorlar."
9529,500753,2025-01-17,Google Yorum,"Harika bir deneyimdi, sadece üç hafta bekledim."
9530,500390,2025-02-21,Anket,"Arıza çözüldü ancak randevu sistemi çok karışık, üç kez aramak zorunda kaldım."
9531,503294,2024-07-31,Anket,Fena değildi.
9532,501230,2025-03-17,Çağrı Merkezi,"Randevu saatinde gittim ama iki saat bekledim, kimse bilgi vermedi."
9533,502331,2025-06-01,E-posta,İyi.
9534,503351,2025-01-13,Google Yorum,"Randevu almak kolaydı, işlem hızlı bitti. Memnun kaldım."
9535,500258,2025-04-25,Anket,?
9536,504464,2024-12-03,Anket,"Servis ekibi çok ilgiliydi, aracım söz verilen saatte hazırdı. Teşekkürler."
9537,504105,2024-07-03,Anket,Yedek araç verilmesi büyük kolaylık oldu.
9538,503682,2025-06-06,Anket,"Fatura tutarı verilen tekliften yüksek çıktı, önceden bilgilendirilmedim."
9539,502458,2023-01-22,Çağrı Merkezi,"Ödeme sırasında POS çalışmadı, nakit aramak zorunda kaldım."
9540,503787,2025-01-21,Google Yorum,
9541,502856,2024-03-08,Çağrı Merkezi,"Danışman bey her adımı tek tek anlattı, fiyat konusunda da şeffaftı."
9542,501001,2025-01-08,Anket,"Aracımın içinde yağ lekesi bıraktılar, koltuk kirlenmişti."
9543,503409,2023-06-19,Google Yorum,"Rakip markanın servisinde aynı işlem daha ucuzdu, orayı tercih edeceğim."
9544,503541,2023-04-14,Google Yorum,"Arıza giderilmemiş, aynı ses devam ediyor. Tekrar gitmek zorunda kaldım."
9545,501980,2024-04-16,Çağrı Merkezi,"İkinci kez geliyorum, yine sorunsuz. Ekibe teşekkürler."
9546,502923,2025-03-01,Anket,"Randevu almak kolaydı, işlem hızlı bitti. Memnun kaldım."
9547,501565,2023-09-05,Çağrı Merkezi,"Rakip markanın servisinde aynı işlem daha ucuzdu, orayı tercih edeceğim."
9548,504165,2025-05-30,Çağrı Merkezi,-
9549,504360,2023-04-03,Anket,"Personel çok nazikti, sadece süre biraz uzun sürdü."
9550,502824,2023-06-28,Google Yorum,"Beklediğimden erken bitti, aradılar haber verdiler."
9551,503840,2024-08-19,Anket,İyi.
9552,500712,2024-02-13,Google Yorum,"Servis temizdi ve ekip güler yüzlüydü, yalnızca yedek parça beklemesi can sıkıcıydı."
9553,501910,2024-06-20,E-posta,"Danışman ilgisizdi, sorduğum soruya doğru düzgün cevap vermedi."
9554,504033,2024-05-06,E-posta,"Servis ekibi çok ilgiliydi, aracım söz verilen saatte hazırdı. Teşekkürler."
9555,502900,2024-11-27,Google Yorum,Kampanya mesajı geldi ama şubede geçerli değilmiş.
9556,500344,2023-03-06,Anket,"Arıza çözüldü ancak randevu sistemi çok karışık, üç kez aramak zorunda kaldım."
9557,504668,2024-07-25,Anket,Yedek araç verilmesi büyük kolaylık oldu.
9558,501932,2023-03-05,Çağrı Merkezi,"Yedek parça iki hafta bekledi, bu süre boyunca aracım serviste kaldı."
9559,500398,2024-07-23,Google Yorum,"Hiç de memnun kalmadım denemez, işlerini biliyorlar."
9560,503355,2025-03-25,Anket,"İkinci kez geliyorum, yine sorunsuz. Ekibe teşekkürler."
9561,502701,2025-02-17,Anket,?
9562,503079,2024-01-04,Google Yorum,"Randevu almak kolaydı, işlem hızlı bitti. Memnun kaldım."
9563,501570,2024-11-10,E-posta,"İkinci kez geliyorum, yine sorunsuz. Ekibe teşekkürler."
9564,504359,2024-07-23,Anket,"Fatura tutarı verilen tekliften yüksek çıktı, önceden bilgilendirilmedim."
9565,502203,2024-11-11,Anket,"Hiç de memnun kalmadım denemez, işlerini biliyorlar."
9566,502724,2023-12-20,Çağrı Merkezi,"Servis ekibi çok ilgiliydi, aracım söz verilen saatte hazırdı. Teşekkürler."
9567,502382,2023-01-31,Anket,?
9568,503602,2024-05-27,Google Yorum,"Danışman bey her adımı tek tek anlattı, fiyat konusunda da şeffaftı."
9569,504001,2024-12-17,Anket,"Aracı teslim alırken içi temizlenmişti, güzel bir detay."
9570,504409,2025-02-01,Google Yorum,İyi.
9571,503223,2023-05-29,Anket,"Servis ekibi çok ilgiliydi, aracım söz verilen saatte hazırdı. Teşekkürler."
9572,503628,2024-07-24,Anket,"Telefonla kimseye ulaşamıyorum, çağrı merkezi sürekli meşgul."
9573,501529,2024-03-15,Çağrı Merkezi,"Harika bir deneyimdi, sadece üç hafta bekledim."
9574,501200,2024-05-09,Anket,"Yedek parça iki hafta bekledi, bu süre boyunca aracım serviste kaldı."
9575,500310,2024-09-11,E-posta,"Telefonla kimseye ulaşamıyorum, çağrı merkezi sürekli meşgul."
9576,503744,2025-06-01,Çağrı Merkezi,Sorun yok.
9577,504140,2023-03-04,E-posta,Mükemmel değildi ama beklentimin altında da kalmadı.
9578,500311,2023-11-11,E-posta,"Randevu almak kolaydı, işlem hızlı bitti. Memnun kaldım."
9579,504760,2023-06-12,Anket,"Danışman ilgisizdi, sorduğum soruya doğru düzgün cevap vermedi."
9580,504483,2023-03-27,E-posta,"Fiyat çok yüksek geldi, aynı işi özel serviste yarı fiyata yaptırabilirdim."
9581,502284,2024-01-26,Google Yorum,Sorun yok.
9582,501846,2025-05-19,Anket,"Arıza giderilmemiş, aynı ses devam ediyor. Tekrar gitmek zorunda kaldım."
9583,500919,2025-02-01,Anket,Yedek araç verilmesi büyük kolaylık oldu.
9584,500936,2023-02-28,Anket,"Aracımın içinde yağ lekesi bıraktılar, koltuk kirlenmişti."
9585,504445,2025-02-20,Google Yorum,Sorun yok.
9586,500570,2024-10-26,Google Yorum,Mükemmel değildi ama beklentimin altında da kalmadı.
9587,504248,2024-07-11,Anket,"İkinci kez geliyorum, yine sorunsuz. Ekibe teşekkürler."
9588,504305,2023-07-15,Anket,"Arıza giderilmemiş, aynı ses devam ediyor. Tekrar gitmek zorunda kaldım."
9589,501350,2023-09-09,Google Yorum,"Aracımın içinde yağ lekesi bıraktılar, koltuk kirlenmişti."
9590,504188,2024-08-30,Çağrı Merkezi,Teşekkürler
9591,501377,2024-10-17,Google Yorum,"Aracı teslim alırken içi temizlenmişti, güzel bir detay."
9592,502661,2023-01-19,Çağrı Merkezi,Bir yıldız bile fazla.
9593,501338,2024-08-23,Çağrı Merkezi,Kötü diyemem ama bir daha gelir miyim bilmiyorum.
9594,502057,2023-04-16,Çağrı Merkezi,"Aracımın içinde yağ lekesi bıraktılar, koltuk kirlenmişti."
9595,503135,2025-05-25,Anket,"Randevu saatinde gittim ama iki saat bekledim, kimse bilgi vermedi."
9596,503788,2025-06-04,Anket,"Personel çok nazikti, sadece süre biraz uzun sürdü."
9597,504513,2024-02-22,E-posta,"Fiyat çok yüksek geldi, aynı işi özel serviste yarı fiyata yaptırabilirdim."
9598,500180,2023-03-09,Anket,Fena değildi.
9599,503860,2023-06-04,E-posta,Kötü diyemem ama bir daha gelir miyim bilmiyorum.
9600,502080,2023-02-11,Çağrı Merkezi,"Danışman bey her adımı tek tek anlattı, fiyat konusunda da şeffaftı."
9601,503948,2024-07-05,Anket,Yedek araç verilmesi büyük kolaylık oldu.
9602,501862,2024-10-31,Anket,"Rakip markanın servisinde aynı işlem daha ucuzdu, orayı tercih edeceğim."
9603,504110,2025-06-07,Google Yorum,"Telefonla kimseye ulaşamıyorum, çağrı merkezi sürekli meşgul."
9604,502456,2024-05-26,Çağrı Merkezi,"Aracımın içinde yağ lekesi bıraktılar, koltuk kirlenmişti."
9605,501182,2023-04-01,Google Yorum,"Aracımla ilgili değil ama web sitenizden randevu alınmıyor, sürekli hata veriyor."
9606,500191,2023-07-30,Anket,Fena değildi.
9607,502352,2024-07-14,Anket,"Beklediğimden erken bitti, aradılar haber verdiler."
9608,504353,2024-01-28,Anket,Fena değildi.
9609,503497,2024-09-04,Anket,"Ödeme sırasında POS çalışmadı, nakit aramak zorunda kaldım."
9610,503444,2024-06-08,Anket,"İkinci kez geliyorum, yine sorunsuz. Ekibe teşekkürler."
9611,504221,2023-03-13,Anket,"Fatura tutarı verilen tekliften yüksek çıktı, önceden bilgilendirilmedim."
9612,503165,2024-11-25,Çağrı Merkezi,"Randevu almak kolaydı, işlem hızlı bitti. Memnun kaldım."
9613,502752,2023-02-05,Anket,"Beklediğimden erken bitti, aradılar haber verdiler."
9614,503573,2024-01-06,Anket,Mükemmel değildi ama beklentimin altında da kalmadı.
9615,504252,2023-09-17,Çağrı Merkezi,Kötü diyemem ama bir daha gelir miyim bilmiyorum.
9616,501004,2024-08-15,Google Yorum,"Danışman bey her adımı tek tek anlattı, fiyat konusunda da şeffaftı."
9617,500167,2024-02-25,E-posta,"Danışman ilgisizdi, sorduğum soruya doğru düzgün cevap vermedi."
9618,501939,2023-10-31,Çağrı Merkezi,"Hiç de memnun kalmadım denemez, işlerini biliyorlar."
9619,500404,2024-03-21,Anket,"Randevu almak kolaydı, işlem hızlı bitti. Memnun kaldım."
9620,503538,2023-07-03,Anket,"Aracımın içinde yağ lekesi bıraktılar, koltuk kirlenmişti."
9621,503798,2025-04-04,Anket,"Fatura tutarı verilen tekliften yüksek çıktı, önceden bilgilendirilmedim."
9622,503245,2023-10-14,E-posta,"Servis iyi de otopark yok, aracı sokağa bırakmak zorunda kaldım."
9623,500144,2024-04-11,Google Yorum,"Randevu almak kolaydı, işlem hızlı bitti. Memnun kaldım."
9624,501820,2025-01-13,Google Yorum,Teşekkürler
9625,502301,2024-03-23,Anket,?
9626,503469,2024-02-12,Anket,"Servis temizdi ve ekip güler yüzlüydü, yalnızca yedek parça beklemesi can sıkıcıydı."
9627,503346,2023-03-12,Anket,"İkinci kez geliyorum, yine sorunsuz. Ekibe teşekkürler."
9628,501181,2025-02-07,Çağrı Merkezi,"Yedek parça iki hafta bekledi, bu süre boyunca aracım serviste kaldı."
9629,500680,2023-02-06,E-posta,Yedek araç verilmesi büyük kolaylık oldu.
9630,501671,2024-06-17,Çağrı Merkezi,"Hiç de memnun kalmadım denemez, işlerini biliyorlar."
9631,500743,2023-05-01,Anket,"Fiyat çok yüksek geldi, aynı işi özel serviste yarı fiyata yaptırabilirdim."
9632,503808,2024-10-14,Anket,"Aracı teslim alırken içi temizlenmişti, güzel bir detay."
9633,500138,2024-09-13,Anket,"Arıza giderilmemiş, aynı ses devam ediyor. Tekrar gitmek zorunda kaldım."
9634,503977,2025-02-06,E-posta,"Servis iyi de otopark yok, aracı sokağa bırakmak zorunda kaldım."
9635,504198,2025-05-17,Google Yorum,"Danışman ilgisizdi, sorduğum soruya doğru düzgün cevap vermedi."
9636,504509,2025-04-19,E-posta,"Fiyat çok yüksek geldi, aynı işi özel serviste yarı fiyata yaptırabilirdim."
9637,502623,2023-09-24,Çağrı Merkezi,"Arıza giderilmemiş, aynı ses devam ediyor. Tekrar gitmek zorunda kaldım."
9638,503536,2023-02-07,Anket,"Telefonla kimseye ulaşamıyorum, çağrı merkezi sürekli meşgul."
9639,504785,2024-07-22,E-posta,
9640,501489,2023-10-28,Anket,"Arıza giderilmemiş, aynı ses devam ediyor. Tekrar gitmek zorunda kaldım."
