geri_bildirim_id,metin,llm_duygu,llm_konular,insan_duygu,insan_konular
9503,Kampanya mesajı geldi ama şubede geçerli değilmiş.,Olumsuz,fiyat,,
9250,Bir yıldız bile fazla.,Olumsuz,fiyat,,
9562,"Randevu almak kolaydı, işlem hızlı bitti. Memnun kaldım.",Olumlu,randevu|süre,,
9219,"Fatura tutarı verilen tekliften yüksek çıktı, önceden bilgilendirilmedim.",Olumsuz,fiyat,,
9543,"Rakip markanın servisinde aynı işlem daha ucuzdu, orayı tercih edeceğim.",Olumsuz,fiyat,,
9513,"İkinci kez geliyorum, yine sorunsuz. Ekibe teşekkürler.",Olumlu,personel,,
9465,"Aracı teslim alırken içi temizlenmişti, güzel bir detay.",Olumlu,temizlik,,
9080,"Aracı teslim alırken içi temizlenmişti, güzel bir detay.",Olumlu,temizlik,,
9541,"Danışman bey her adımı tek tek anlattı, fiyat konusunda da şeffaftı.",Olumlu,personel|fiyat,,
9149,İşçilik kalitesi iyiydi ama fiyatlandırma gerçekten pahalı.,Karışık,iş_kalitesi|fiyat,,
9496,"Aracımın içinde yağ lekesi bıraktılar, koltuk kirlenmişti.",Olumsuz,temizlik,,
9033,"Arıza giderilmemiş, aynı ses devam ediyor. Tekrar gitmek zorunda kaldım.",Olumsuz,iş_kalitesi|süre,,
9057,"Beklediğimden erken bitti, aradılar haber verdiler.",Olumlu,süre,,
9093,"Harika bir deneyimdi, sadece üç hafta bekledim.",Olumlu,randevu,,
9421,Kampanya mesajı geldi ama şubede geçerli değilmiş.,Olumsuz,fiyat,,
9079,"Randevu saatinde gittim ama iki saat bekledim, kimse bilgi vermedi.",Olumsuz,süre|personel,,
9004,"Randevu saatinde gittim ama iki saat bekledim, kimse bilgi vermedi.",Olumsuz,süre|personel,,
9413,"Servis ekibi çok ilgiliydi, aracım söz verilen saatte hazırdı. Teşekkürler.",Olumlu,süre|personel,,
9194,"Fatura tutarı verilen tekliften yüksek çıktı, önceden bilgilendirilmedim.",Olumsuz,fiyat,,
9587,"İkinci kez geliyorum, yine sorunsuz. Ekibe teşekkürler.",Olumlu,personel,,
9135,"Randevu almak kolaydı, işlem hızlı bitti. Memnun kaldım.",Olumlu,randevu|süre,,
9153,"Rakip markanın servisinde aynı işlem daha ucuzdu, orayı tercih edeceğim.",Olumsuz,fiyat,,
9051,Yedek araç verilmesi büyük kolaylık oldu.,Olumlu,yedek_parça,,
9636,"Fiyat çok yüksek geldi, aynı işi özel serviste yarı fiyata yaptırabilirdim.",Olumsuz,fiyat,,
9610,"İkinci kez geliyorum, yine sorunsuz. Ekibe teşekkürler.",Olumlu,personel,,
9114,"İkinci kez geliyorum, yine sorunsuz. Ekibe teşekkürler.",Olumlu,personel,,
9163,"Personel çok nazikti, sadece süre biraz uzun sürdü.",Karışık,personel|süre,,
9603,"Telefonla kimseye ulaşamıyorum, çağrı merkezi sürekli meşgul.",Olumsuz,personel,,
9635,"Danışman ilgisizdi, sorduğum soruya doğru düzgün cevap vermedi.",Olumsuz,personel,,
9526,Teşekkürler,Olumlu,diğer,,
9168,"Danışman bey her adımı tek tek anlattı, fiyat konusunda da şeffaftı.",Olumlu,personel|fiyat,,
9326,"Aracı teslim alırken içi temizlenmişti, güzel bir detay.",Olumlu,temizlik,,
9263,"Harika bir deneyimdi, sadece üç hafta bekledim.",Olumlu,randevu,,
9295,"Aracımın içinde yağ lekesi bıraktılar, koltuk kirlenmişti.",Olumsuz,temizlik,,
9136,"Servis temizdi ve ekip güler yüzlüydü, yalnızca yedek parça beklemesi can sıkıcıydı.",Karışık,temizlik|yedek_parça|personel,,
9337,"Servis ekibi çok ilgiliydi, aracım söz verilen saatte hazırdı. Teşekkürler.",Olumlu,süre|personel,,
9320,"Harika bir deneyimdi, sadece üç hafta bekledim.",Olumlu,randevu,,
9627,"İkinci kez geliyorum, yine sorunsuz. Ekibe teşekkürler.",Olumlu,personel,,
9282,"Aracımın içinde yağ lekesi bıraktılar, koltuk kirlenmişti.",Olumsuz,temizlik,,
9324,"Arıza giderilmemiş, aynı ses devam ediyor. Tekrar gitmek zorunda kaldım.",Olumsuz,iş_kalitesi|süre,,
