servis_merkezi,servis_tipi,anket_sayisi,tur_ortalama,merkez_ici_pay_yuzde,ag_geneli_pay_yuzde
SM-Ankara1,Arıza Onarım,370,3.4891891891891893,14.165390505359877,19.336095392077606
SM-Ankara1,Kaporta/Boya,131,3.801526717557252,5.01531393568147,6.891673403395311
SM-Ankara1,Lastik/Balans,283,3.978798586572438,10.834609494640123,10.079830234438157
SM-Ankara1,Periyodik Bakım,1828,4.103391684901532,69.98468606431852,63.692400970088926
SM-Antalya1,Arıza Onarım,236,3.4322033898305087,12.903225806451612,19.336095392077606
SM-Antalya1,Kaporta/Boya,101,3.8613861386138613,5.5221432476763255,6.891673403395311
SM-Antalya1,Lastik/Balans,201,4.134328358208955,10.989611809732095,10.079830234438157
SM-Antalya1,Periyodik Bakım,1291,4.0635166537567775,70.58501913613996,63.692400970088926
SM-Bursa1,Arıza Onarım,265,3.4641509433962265,13.65979381443299,19.336095392077606
SM-Bursa1,Kaporta/Boya,102,3.627450980392157,5.257731958762887,6.891673403395311
SM-Bursa1,Lastik/Balans,204,4.034313725490196,10.515463917525773,10.079830234438157
SM-Bursa1,Periyodik Bakım,1369,4.039444850255661,70.56701030927834,63.692400970088926
SM-Kadıköy,Arıza Onarım,438,3.5159817351598175,13.161057692307692,19.336095392077606
SM-Kadıköy,Kaporta/Boya,192,3.6979166666666665,5.769230769230769,6.891673403395311
SM-Kadıköy,Lastik/Balans,375,4.104,11.268028846153847,10.079830234438157
SM-Kadıköy,Periyodik Bakım,2323,4.065432630219544,69.8016826923077,63.692400970088926
SM-Kocaeli1,Arıza Onarım,210,3.3380952380952382,13.059701492537313,19.336095392077606
SM-Kocaeli1,Kaporta/Boya,99,3.7777777777777777,6.156716417910448,6.891673403395311
SM-Kocaeli1,Lastik/Balans,173,4.028901734104046,10.75870646766169,10.079830234438157
SM-Kocaeli1,Periyodik Bakım,1126,4.08170515097691,70.02487562189054,63.692400970088926
SM-Maslak,Arıza Onarım,1996,3.556112224448898,32.37631792376318,19.336095392077606
SM-Maslak,Kaporta/Boya,635,3.8881889763779527,10.30008110300081,6.891673403395311
SM-Maslak,Lastik/Balans,471,4.104033970276008,7.639902676399027,10.079830234438157
SM-Maslak,Periyodik Bakım,3063,4.135814560888019,49.68369829683698,63.692400970088926
SM-İzmir1,Arıza Onarım,312,3.3653846153846154,13.506493506493506,19.336095392077606
SM-İzmir1,Kaporta/Boya,104,3.875,4.5021645021645025,6.891673403395311
SM-İzmir1,Lastik/Balans,288,4.006944444444445,12.467532467532468,10.079830234438157
SM-İzmir1,Periyodik Bakım,1606,4.021793275217933,69.52380952380952,63.692400970088926
